<?xml version="1.0" encoding="UTF-8" standalone="yes"?><ApplicationResponse xmlns="urn:oasis:names:specification:ubl:schema:xsd:ApplicationResponse-2" xmlns:cac="urn:oasis:names:specification:ubl:schema:xsd:CommonAggregateComponents-2" xmlns:cbc="urn:oasis:names:specification:ubl:schema:xsd:CommonBasicComponents-2" xmlns:ccts="urn:un:unece:uncefact:documentation:2" xmlns:ext="urn:oasis:names:specification:ubl:schema:xsd:CommonExtensionComponents-2" xmlns:ns5="urn:oasis:names:specification:ubl:schema:xsd:Invoice-2" xmlns:xsd="http://www.w3.org/2001/XMLSchema">
    <ext:UBLExtensions>
		<ext:UBLExtension>
			<ext:ExtensionContent><ds:Signature xmlns:ds="http://www.w3.org/2000/09/xmldsig#" Id="signatureKG"><ds:SignedInfo><ds:CanonicalizationMethod Algorithm="http://www.w3.org/TR/2001/REC-xml-c14n-20010315"/><ds:SignatureMethod Algorithm="http://www.w3.org/2000/09/xmldsig#rsa-sha1"/><ds:Reference URI=""><ds:Transforms><ds:Transform Algorithm="http://www.w3.org/2000/09/xmldsig#enveloped-signature"/></ds:Transforms><ds:DigestMethod Algorithm="http://www.w3.org/2000/09/xmldsig#sha1"/><ds:DigestValue>TDuW1LDYOCEgdomUmBGZjYHWvw8=</ds:DigestValue></ds:Reference></ds:SignedInfo><ds:SignatureValue>pa/qs4oZD6ctRhgYX16Pp33CUUukhj+n0W1LmNg9WL3ywP9jLC4VeQhDK0ZWraUFsk3hlGdHIqzy&#13;
i+x53XzNe4KU2dbODWP2hCXLIhspBc5KFvNLNRqWWMQM/TToH3ohA1xHMOoKsUP1FxHbWSdoB12y&#13;
OCzj36yoS+kPCVagKGuwrIV4rfF7FtmL3MEUu41DSXf8jrE37jrzBK/oFhDw8+ijL7JlK8UHRwJ/&#13;
pROR5kfI1FDP1HAkK+OVjZi5CRYl2dv1+29nC9Vg/tQStdNMF0U32ppAvzmqob/Ifmb1hB8RZM3b&#13;
VTn/a0bI30+htMbb1hgQTiSHOIm88aobMWsOwg==</ds:SignatureValue><ds:KeyInfo><ds:X509Data><ds:X509Certificate>MIIKZjCCCE6gAwIBAgIJZobH+BRPLZDWMA0GCSqGSIb3DQEBCwUAMIIBIjELMAkGA1UEBhMCUEUx&#13;
DTALBgNVBAgMBExJTUExDTALBgNVBAcMBExJTUExPTA7BgNVBAsMNHNlZSBjdXJyZW50IGFkZHJl&#13;
c3MgYXQgd3d3LmNhbWVyZmlybWEuY29tLnBlL2FkZHJlc3MxMDAuBgNVBAsMJ0FDIENBTUVSRklS&#13;
TUEgUEVSw5ogQ0VSVElGSUNBRE9TIC0gMjAxNjEUMBIGA1UEBRMLMjA1NjYzMDI0NDcxGjAYBgNV&#13;
BGEMEU5UUlBFLTIwNTY2MzAyNDQ3MSAwHgYDVQQKDBdDQU1FUkZJUk1BIFBFUsOaIFMuQS5DLjEw&#13;
MC4GA1UEAwwnQUMgQ0FNRVJGSVJNQSBQRVLDmiBDRVJUSUZJQ0FET1MgLSAyMDE2MB4XDTE5MDQw&#13;
OTAyMTk1NFoXDTIwMDQwODAyMTk1NFowggFmMR4wHAYJKoZIhvcNAQkBFg9hcmdAYml6bGlua3Mu&#13;
bGExMjAwBgNVBAMMKUpVQU4gQU5UT05JTyBFTlJJUVVFIFJBTUlSRVotR0FTVE9OIFdJQ0hUMR0w&#13;
GwYDVQQqDBRKVUFOIEFOVE9OSU8gRU5SSVFVRTEdMBsGA1UEBAwUUkFNSVJFWi1HQVNUT04gV0lD&#13;
SFQxFTATBgNVBAUTDEROSTowODIzNjYxODETMBEGA1UEBwwKTUlSQUZMT1JFUzEUMBIGA1UECAwL&#13;
TElNQSAtIExJTUExGDAWBgNVBAwMD0dFUkVOVEUgR0VORVJBTDEUMBIGA1UECwwLMjA0NzgwMDUw&#13;
MTcxIzAhBgNVBAsMGklzc3VlZCBieSBQRVJVTUVESUEgIFtQRTFdMRQwEgYDVQRhDAsyMDQ3ODAw&#13;
NTAxNzEYMBYGA1UECgwPQklaTElOS1MgUy5BLkMuMQswCQYDVQQGEwJQRTCCASIwDQYJKoZIhvcN&#13;
AQEBBQADggEPADCCAQoCggEBAK4f4gElBIWVFNSVbM/0Hwki/XMrtBbl309QBrsyB0LYaRzFXboh&#13;
hawwJwTthsZvsN9UItRYoWO7gSJ+6F2IpTg0ZnBKPRyG7MAC83F8huoNwhaGerGDRzfbmJJ+gohY&#13;
Lhe9pHzxkLhxqKSlKgKQcTsyp0UTmKW1zi+p11jHmGEGavS/LpslQPLjxj2nYgHg62YmIBjskyF+&#13;
tqTUB8FZd9iPQ2JDe4okk7QEYvGo7qwol4LFrb8qYu6AtulI1zACrJ+t4KYlxmhhT/OCmrap3P8l&#13;
YDMpEa4+WPCs1LwrkDRhpUW+4mqgkELKRVlhSACUVbP6p2qqQ1fzv1zd/IWTEI0CAwEAAaOCBFUw&#13;
ggRRMAwGA1UdEwEB/wQCMAAwDgYDVR0PAQH/BAQDAgbAMB0GA1UdJQQWMBQGCCsGAQUFBwMCBggr&#13;
BgEFBQcDBDAdBgNVHQ4EFgQUyh0fSFSTHRhxKPuRV8lNiZIlRWwwgY0GCCsGAQUFBwEBBIGAMH4w&#13;
VAYIKwYBBQUHMAKGSGh0dHA6Ly93d3cuY2FtZXJmaXJtYS5jb20vY2VydHMvYWNfY2FtZXJmaXJt&#13;
YV9wZXJ1X2NlcnRpZmljYWRvcy0yMDE2LmNydDAmBggrBgEFBQcwAYYaaHR0cDovL29jc3AuY2Ft&#13;
ZXJmaXJtYS5jb20wggFCBgNVHSMEggE5MIIBNYAUOm5lGOdW0uTzLd2lfHJt/zDhhiehggEQpIIB&#13;
DDCCAQgxCzAJBgNVBAYTAkVTMQ8wDQYDVQQIDAZNQURSSUQxDzANBgNVBAcMBk1BRFJJRDFCMEAG&#13;
A1UECww5c2VlIGN1cnJlbnQgYWRkcmVzcyBhdCBodHRwczovL3d3dy5jYW1lcmZpcm1hLmNvbS9h&#13;
ZGRyZXNzMSMwIQYDVQQLDBpBQyBDQU1FUkZJUk1BIFBFUsOaIC0gMjAxNjESMBAGA1UEBRMJQTgy&#13;
NzQzMjg3MRgwFgYDVQRhDA9WQVRFUy1BODI3NDMyODcxGzAZBgNVBAoMEkFDIENBTUVSRklSTUEg&#13;
Uy5BLjEjMCEGA1UEAwwaQUMgQ0FNRVJGSVJNQSBQRVLDmiAtIDIwMTaCCQCMakX1M6o3RjCBoAYD&#13;
VR0fBIGYMIGVMEigRqBEhkJodHRwOi8vY3JsLmNhbWVyZmlybWEuY29tL2FjX2NhbWVyZmlybWFf&#13;
cGVydV9jZXJ0aWZpY2Fkb3MtMjAxNi5jcmwwSaBHoEWGQ2h0dHA6Ly9jcmwxLmNhbWVyZmlybWEu&#13;
Y29tL2FjX2NhbWVyZmlybWFfcGVydV9jZXJ0aWZpY2Fkb3MtMjAxNi5jcmwwgcgGA1UdEQSBwDCB&#13;
vYEPYXJnQGJpemxpbmtzLmxhpIGpMIGmMSQwIgYKKwYBBAGBhy4eBwwUSlVBTiBBTlRPTklPIEVO&#13;
UklRVUUxHjAcBgorBgEEAYGHLh4IDA5SQU1JUkVaLUdBU1RPTjEVMBMGCisGAQQBgYcuHgkMBVdJ&#13;
Q0hUMUcwRQYKKwYBBAGBhy4eCgw3Q0VSVElGSUNBRE8gREUgUEVSU09OQSBGSVNJQ0EgQ09OIFZJ&#13;
TkNVTEFDSU9OIEEgRU1QUkVTQTAcBgNVHRIEFTATgRFjYUBjYW1lcmZpcm1hLmNvbTCBkAYDVR0g&#13;
BIGIMIGFMIGCBgwrBgEEAYGHLh4QAAEwcjApBggrBgEFBQcCARYdaHR0cHM6Ly9wb2xpY3kuY2Ft&#13;
ZXJmaXJtYS5jb20wRQYIKwYBBQUHAgIwOQw3Q0VSVElGSUNBRE8gREUgUEVSU09OQSBGSVNJQ0Eg&#13;
Q09OIFZJTkNVTEFDSU9OIEEgRU1QUkVTQTANBgkqhkiG9w0BAQsFAAOCAgEASdb6ghLpOLx3kqR3&#13;
buzQ76WUIFopoL9gXfoTKebsxKmTHQNYZh9OxjERcsotLRDEJ0uLbPya4qhPQbfETpYJSD3s7Lxk&#13;
r8yrBIgT42qwPb1K2Ag7YUK1qV6jHRsSsookyvYUQSSZ1Dn/laUqtDtm09SrW5fsTIrJzqq/v9rT&#13;
Qqg4NkLxjQgNRuvgnvQgqEW0lPPNrKacjPcU5JJzoCI4Gm/2s2fjpJbYrwCI4q5el2a6k6Jh3Zrj&#13;
+6PKCzUiNatFN+gmcvilSwfO4U+PImZKTKuklOf4HOxqizrQ8M4EMQQtAG0wujtfMJQQbuUDWCWC&#13;
QPRAKHadIbYflT7ra+msgn5js/lZ0SgWvzHzQkOds0Iny7gbQgU1WvmXCJs0R4iaxWs0HCn5zpdF&#13;
Lm+aIglLXZD7NOqGNTa4AmDraoaFI6BSm4s5nU5kJaQA5Q2T2mNwZhtqyHquTXsxYO3XYn9pUTgz&#13;
WhvvXc1xavJoe4CFLeu69KycG5nQyJM/b0qSgjOrRyoy/U5iF8klZh/jF7rISTYvgvf1HNJV2zIk&#13;
Q3/Sj+D1ey23HDDpYzWPZyGsJMtftrFTQpMw2JX/3dDmiGSuAt/Xoo16TBLQraXmcwn1QljYVivM&#13;
cCt1lXGkR3+Q21la4oEebvMO1ak6G/nn2JUxAjNkIEWoSrCMQ0n7aCcjSeI=</ds:X509Certificate></ds:X509Data></ds:KeyInfo></ds:Signature></ext:ExtensionContent>
		</ext:UBLExtension>
	</ext:UBLExtensions>
    <cbc:UBLVersionID>2.1</cbc:UBLVersionID>
    <cbc:CustomizationID>1.0</cbc:CustomizationID>
    <cbc:ID>31ddd3bf-c151-421f-b986-44bd588ca7d9</cbc:ID>
    <cbc:IssueDate>2019-07-30</cbc:IssueDate>
    <cbc:IssueTime>17:03:44.00658</cbc:IssueTime>
    <cbc:ResponseDate>2019-07-30</cbc:ResponseDate>
    <cbc:ResponseTime>17:03:49.00117</cbc:ResponseTime>
    <cac:SenderParty>
        <cac:PartyLegalEntity>
            <cbc:CompanyID schemeAgencyName="PE:SUNAT" schemeID="6" schemeURI="urn:pe:gob:sunat:cpe:see:gem:catalogos:catalogo6">20556442259</cbc:CompanyID>
        </cac:PartyLegalEntity>
    </cac:SenderParty>
    <cac:ReceiverParty>
        <cac:PartyLegalEntity>
            <cbc:CompanyID schemeAgencyName="PE:SUNAT" schemeID="6" schemeURI="urn:pe:gob:sunat:cpe:see:gem:catalogos:catalogo6">20478005017</cbc:CompanyID>
        </cac:PartyLegalEntity>
    </cac:ReceiverParty>
    <cac:DocumentResponse>
        <cac:Response>
            <cbc:ResponseCode listAgencyName="PE:SUNAT">0</cbc:ResponseCode>
            <cbc:Description>El comprobante numero B005-00000003, ha sido aceptada</cbc:Description>
        </cac:Response>
        <cac:DocumentReference>
            <cbc:ID>B005-00000003</cbc:ID>
            <cbc:IssueDate>2019-07-30</cbc:IssueDate>
            <cbc:IssueTime>16:57:14</cbc:IssueTime>
            <cbc:DocumentTypeCode>03</cbc:DocumentTypeCode>
            <cac:Attachment>
                <cac:ExternalReference>
                    <cbc:DocumentHash>PhFCGL+r6J60S7rpWnl1gdKaZYo=</cbc:DocumentHash>
                </cac:ExternalReference>
            </cac:Attachment>
        </cac:DocumentReference>
        <cac:IssuerParty>
            <cac:PartyLegalEntity>
                <cbc:CompanyID schemeID="6">20556442259</cbc:CompanyID>
            </cac:PartyLegalEntity>
        </cac:IssuerParty>
        <cac:RecipientParty>
            <cac:PartyLegalEntity>
                <cbc:CompanyID schemeID="1">47961796</cbc:CompanyID>
            </cac:PartyLegalEntity>
        </cac:RecipientParty>
    </cac:DocumentResponse>
</ApplicationResponse>